Disease::SARS-CoV2 E	bioarx::Covid2_acc_host_gene::Disease:Gene	Gene::8546
Disease::SARS-CoV2 E	bioarx::Covid2_acc_host_gene::Disease:Gene	Gene::23476
Disease::SARS-CoV2 E	bioarx::Covid2_acc_host_gene::Disease:Gene	Gene::6046
Disease::SARS-CoV2 E	bioarx::Covid2_acc_host_gene::Disease:Gene	Gene::10283
Disease::SARS-CoV2 E	bioarx::Covid2_acc_host_gene::Disease:Gene	Gene::124245
Disease::SARS-CoV2 E	bioarx::Covid2_acc_host_gene::Disease:Gene	Gene::57153
Disease::SARS-CoV2 M	bioarx::Covid2_acc_host_gene::Disease:Gene	Gene::9512
Disease::SARS-CoV2 M	bioarx::Covid2_acc_host_gene::Disease:Gene	Gene::10897
Disease::SARS-CoV2 M	bioarx::Covid2_acc_host_gene::Disease:Gene	Gene::481
Disease::SARS-CoV2 M	bioarx::Covid2_acc_host_gene::Disease:Gene	Gene::34
Disease::SARS-CoV2 M	bioarx::Covid2_acc_host_gene::Disease:Gene	Gene::2108
Disease::SARS-CoV2 M	bioarx::Covid2_acc_host_gene::Disease:Gene	Gene::2040
Disease::SARS-CoV2 M	bioarx::Covid2_acc_host_gene::Disease:Gene	Gene::2677
Disease::SARS-CoV2 M	bioarx::Covid2_acc_host_gene::Disease:Gene	Gene::523
Disease::SARS-CoV2 M	bioarx::Covid2_acc_host_gene::Disease:Gene	Gene::5714
Disease::SARS-CoV2 M	bioarx::Covid2_acc_host_gene::Disease:Gene	Gene::7905
Disease::SARS-CoV2 M	bioarx::Covid2_acc_host_gene::Disease:Gene	Gene::23203
Disease::SARS-CoV2 M	bioarx::Covid2_acc_host_gene::Disease:Gene	Gene::196527
Disease::SARS-CoV2 M	bioarx::Covid2_acc_host_gene::Disease:Gene	Gene::10531
Disease::SARS-CoV2 M	bioarx::Covid2_acc_host_gene::Disease:Gene	Gene::10463
Disease::SARS-CoV2 M	bioarx::Covid2_acc_host_gene::Disease:Gene	Gene::60493
Disease::SARS-CoV2 M	bioarx::Covid2_acc_host_gene::Disease:Gene	Gene::148867
Disease::SARS-CoV2 M	bioarx::Covid2_acc_host_gene::Disease:Gene	Gene::10426
Disease::SARS-CoV2 M	bioarx::Covid2_acc_host_gene::Disease:Gene	Gene::79934
Disease::SARS-CoV2 M	bioarx::Covid2_acc_host_gene::Disease:Gene	Gene::113174
Disease::SARS-CoV2 M	bioarx::Covid2_acc_host_gene::Disease:Gene	Gene::92840
Disease::SARS-CoV2 M	bioarx::Covid2_acc_host_gene::Disease:Gene	Gene::92105
Disease::SARS-CoV2 M	bioarx::Covid2_acc_host_gene::Disease:Gene	Gene::89874
Disease::SARS-CoV2 M	bioarx::Covid2_acc_host_gene::Disease:Gene	Gene::10844
Disease::SARS-CoV2 M	bioarx::Covid2_acc_host_gene::Disease:Gene	Gene::80222
Disease::SARS-CoV2 M	bioarx::Covid2_acc_host_gene::Disease:Gene	Gene::57142
Disease::SARS-CoV2 M	bioarx::Covid2_acc_host_gene::Disease:Gene	Gene::51439
Disease::SARS-CoV2 M	bioarx::Covid2_acc_host_gene::Disease:Gene	Gene::10157
Disease::SARS-CoV2 M	bioarx::Covid2_acc_host_gene::Disease:Gene	Gene::26993
Disease::SARS-CoV2 M	bioarx::Covid2_acc_host_gene::Disease:Gene	Gene::25980
Disease::SARS-CoV2 M	bioarx::Covid2_acc_host_gene::Disease:Gene	Gene::28969
Disease::SARS-CoV2 N	bioarx::Covid2_acc_host_gene::Disease:Gene	Gene::9136
Disease::SARS-CoV2 N	bioarx::Covid2_acc_host_gene::Disease:Gene	Gene::26986
Disease::SARS-CoV2 N	bioarx::Covid2_acc_host_gene::Disease:Gene	Gene::1459
Disease::SARS-CoV2 N	bioarx::Covid2_acc_host_gene::Disease:Gene	Gene::1460
Disease::SARS-CoV2 N	bioarx::Covid2_acc_host_gene::Disease:Gene	Gene::10146
Disease::SARS-CoV2 N	bioarx::Covid2_acc_host_gene::Disease:Gene	Gene::8761
Disease::SARS-CoV2 N	bioarx::Covid2_acc_host_gene::Disease:Gene	Gene::23367
Disease::SARS-CoV2 N	bioarx::Covid2_acc_host_gene::Disease:Gene	Gene::25940
Disease::SARS-CoV2 N	bioarx::Covid2_acc_host_gene::Disease:Gene	Gene::79753
Disease::SARS-CoV2 N	bioarx::Covid2_acc_host_gene::Disease:Gene	Gene::5976
Disease::SARS-CoV2 N	bioarx::Covid2_acc_host_gene::Disease:Gene	Gene::4343
Disease::SARS-CoV2 N	bioarx::Covid2_acc_host_gene::Disease:Gene	Gene::9908
Disease::SARS-CoV2 N	bioarx::Covid2_acc_host_gene::Disease:Gene	Gene::9188
Disease::SARS-CoV2 N	bioarx::Covid2_acc_host_gene::Disease:Gene	Gene::55131
Disease::SARS-CoV2 N	bioarx::Covid2_acc_host_gene::Disease:Gene	Gene::25873
Disease::SARS-CoV2 Spike	bioarx::Covid2_acc_host_gene::Disease:Gene	Gene::51125
Disease::SARS-CoV2 Spike	bioarx::Covid2_acc_host_gene::Disease:Gene	Gene::25921
Disease::SARS-CoV2 nsp1	bioarx::Covid2_acc_host_gene::Disease:Gene	Gene::5422
Disease::SARS-CoV2 nsp1	bioarx::Covid2_acc_host_gene::Disease:Gene	Gene::5557
Disease::SARS-CoV2 nsp1	bioarx::Covid2_acc_host_gene::Disease:Gene	Gene::5558
Disease::SARS-CoV2 nsp1	bioarx::Covid2_acc_host_gene::Disease:Gene	Gene::23649
Disease::SARS-CoV2 nsp1	bioarx::Covid2_acc_host_gene::Disease:Gene	Gene::79709
Disease::SARS-CoV2 nsp1	bioarx::Covid2_acc_host_gene::Disease:Gene	Gene::5318
Disease::SARS-CoV2 nsp10	bioarx::Covid2_acc_host_gene::Disease:Gene	Gene::161
Disease::SARS-CoV2 nsp10	bioarx::Covid2_acc_host_gene::Disease:Gene	Gene::2671
Disease::SARS-CoV2 nsp10	bioarx::Covid2_acc_host_gene::Disease:Gene	Gene::57222
Disease::SARS-CoV2 nsp10	bioarx::Covid2_acc_host_gene::Disease:Gene	Gene::1173
Disease::SARS-CoV2 nsp10	bioarx::Covid2_acc_host_gene::Disease:Gene	Gene::80273
Disease::SARS-CoV2 nsp11	bioarx::Covid2_acc_host_gene::Disease:Gene	Gene::6902
Disease::SARS-CoV2 nsp12	bioarx::Covid2_acc_host_gene::Disease:Gene	Gene::55206
Disease::SARS-CoV2 nsp12	bioarx::Covid2_acc_host_gene::Disease:Gene	Gene::10295
Disease::SARS-CoV2 nsp12	bioarx::Covid2_acc_host_gene::Disease:Gene	Gene::10270
Disease::SARS-CoV2 nsp12	bioarx::Covid2_acc_host_gene::Disease:Gene	Gene::23077
Disease::SARS-CoV2 nsp12	bioarx::Covid2_acc_host_gene::Disease:Gene	Gene::10569
Disease::SARS-CoV2 nsp12	bioarx::Covid2_acc_host_gene::Disease:Gene	Gene::8737
Disease::SARS-CoV2 nsp12	bioarx::Covid2_acc_host_gene::Disease:Gene	Gene::9898
Disease::SARS-CoV2 nsp12	bioarx::Covid2_acc_host_gene::Disease:Gene	Gene::219743
Disease::SARS-CoV2 nsp12	bioarx::Covid2_acc_host_gene::Disease:Gene	Gene::51248
Disease::SARS-CoV2 nsp12	bioarx::Covid2_acc_host_gene::Disease:Gene	Gene::84726
Disease::SARS-CoV2 nsp12	bioarx::Covid2_acc_host_gene::Disease:Gene	Gene::55833
Disease::SARS-CoV2 nsp12	bioarx::Covid2_acc_host_gene::Disease:Gene	Gene::24149
Disease::SARS-CoV2 nsp12	bioarx::Covid2_acc_host_gene::Disease:Gene	Gene::64784
Disease::SARS-CoV2 nsp12	bioarx::Covid2_acc_host_gene::Disease:Gene	Gene::159195
Disease::SARS-CoV2 nsp12	bioarx::Covid2_acc_host_gene::Disease:Gene	Gene::29066
Disease::SARS-CoV2 nsp12	bioarx::Covid2_acc_host_gene::Disease:Gene	Gene::23185
Disease::SARS-CoV2 nsp12	bioarx::Covid2_acc_host_gene::Disease:Gene	Gene::55285
Disease::SARS-CoV2 nsp12	bioarx::Covid2_acc_host_gene::Disease:Gene	Gene::6938
Disease::SARS-CoV2 nsp12	bioarx::Covid2_acc_host_gene::Disease:Gene	Gene::53938
Disease::SARS-CoV2 nsp12	bioarx::Covid2_acc_host_gene::Disease:Gene	Gene::54477
Disease::SARS-CoV2 nsp13	bioarx::Covid2_acc_host_gene::Disease:Gene	Gene::9755
Disease::SARS-CoV2 nsp13	bioarx::Covid2_acc_host_gene::Disease:Gene	Gene::11113
Disease::SARS-CoV2 nsp13	bioarx::Covid2_acc_host_gene::Disease:Gene	Gene::3281
Disease::SARS-CoV2 nsp13	bioarx::Covid2_acc_host_gene::Disease:Gene	Gene::5116
Disease::SARS-CoV2 nsp13	bioarx::Covid2_acc_host_gene::Disease:Gene	Gene::11116
Disease::SARS-CoV2 nsp13	bioarx::Covid2_acc_host_gene::Disease:Gene	Gene::5576
Disease::SARS-CoV2 nsp13	bioarx::Covid2_acc_host_gene::Disease:Gene	Gene::5566
Disease::SARS-CoV2 nsp13	bioarx::Covid2_acc_host_gene::Disease:Gene	Gene::5577
Disease::SARS-CoV2 nsp13	bioarx::Covid2_acc_host_gene::Disease:Gene	Gene::5962
Disease::SARS-CoV2 nsp13	bioarx::Covid2_acc_host_gene::Disease:Gene	Gene::1063
Disease::SARS-CoV2 nsp13	bioarx::Covid2_acc_host_gene::Disease:Gene	Gene::7088
Disease::SARS-CoV2 nsp13	bioarx::Covid2_acc_host_gene::Disease:Gene	Gene::7090
Disease::SARS-CoV2 nsp13	bioarx::Covid2_acc_host_gene::Disease:Gene	Gene::166
Disease::SARS-CoV2 nsp13	bioarx::Covid2_acc_host_gene::Disease:Gene	Gene::2802
Disease::SARS-CoV2 nsp13	bioarx::Covid2_acc_host_gene::Disease:Gene	Gene::2801
Disease::SARS-CoV2 nsp13	bioarx::Covid2_acc_host_gene::Disease:Gene	Gene::2804
Disease::SARS-CoV2 nsp13	bioarx::Covid2_acc_host_gene::Disease:Gene	Gene::56850
Disease::SARS-CoV2 nsp13	bioarx::Covid2_acc_host_gene::Disease:Gene	Gene::9857
Disease::SARS-CoV2 nsp13	bioarx::Covid2_acc_host_gene::Disease:Gene	Gene::9659
Disease::SARS-CoV2 nsp13	bioarx::Covid2_acc_host_gene::Disease:Gene	Gene::9662
Disease::SARS-CoV2 nsp13	bioarx::Covid2_acc_host_gene::Disease:Gene	Gene::23177
Disease::SARS-CoV2 nsp13	bioarx::Covid2_acc_host_gene::Disease:Gene	Gene::11064
Disease::SARS-CoV2 nsp13	bioarx::Covid2_acc_host_gene::Disease:Gene	Gene::23085
Disease::SARS-CoV2 nsp13	bioarx::Covid2_acc_host_gene::Disease:Gene	Gene::9648
Disease::SARS-CoV2 nsp13	bioarx::Covid2_acc_host_gene::Disease:Gene	Gene::79745
Disease::SARS-CoV2 nsp13	bioarx::Covid2_acc_host_gene::Disease:Gene	Gene::51199
Disease::SARS-CoV2 nsp13	bioarx::Covid2_acc_host_gene::Disease:Gene	Gene::201134
Disease::SARS-CoV2 nsp13	bioarx::Covid2_acc_host_gene::Disease:Gene	Gene::145282
Disease::SARS-CoV2 nsp13	bioarx::Covid2_acc_host_gene::Disease:Gene	Gene::8975
Disease::SARS-CoV2 nsp13	bioarx::Covid2_acc_host_gene::Disease:Gene	Gene::79571
Disease::SARS-CoV2 nsp13	bioarx::Covid2_acc_host_gene::Disease:Gene	Gene::152789
Disease::SARS-CoV2 nsp13	bioarx::Covid2_acc_host_gene::Disease:Gene	Gene::55755
Disease::SARS-CoV2 nsp13	bioarx::Covid2_acc_host_gene::Disease:Gene	Gene::10142
Disease::SARS-CoV2 nsp13	bioarx::Covid2_acc_host_gene::Disease:Gene	Gene::64689
Disease::SARS-CoV2 nsp13	bioarx::Covid2_acc_host_gene::Disease:Gene	Gene::79443
Disease::SARS-CoV2 nsp13	bioarx::Covid2_acc_host_gene::Disease:Gene	Gene::79078
Disease::SARS-CoV2 nsp13	bioarx::Covid2_acc_host_gene::Disease:Gene	Gene::11190
Disease::SARS-CoV2 nsp13	bioarx::Covid2_acc_host_gene::Disease:Gene	Gene::29110
Disease::SARS-CoV2 nsp13	bioarx::Covid2_acc_host_gene::Disease:Gene	Gene::51361
Disease::SARS-CoV2 nsp13	bioarx::Covid2_acc_host_gene::Disease:Gene	Gene::22981
Disease::SARS-CoV2 nsp14	bioarx::Covid2_acc_host_gene::Disease:Gene	Gene::2717
Disease::SARS-CoV2 nsp14	bioarx::Covid2_acc_host_gene::Disease:Gene	Gene::3615
Disease::SARS-CoV2 nsp14	bioarx::Covid2_acc_host_gene::Disease:Gene	Gene::23408
Disease::SARS-CoV2 nsp15	bioarx::Covid2_acc_host_gene::Disease:Gene	Gene::10204
Disease::SARS-CoV2 nsp15	bioarx::Covid2_acc_host_gene::Disease:Gene	Gene::382
Disease::SARS-CoV2 nsp15	bioarx::Covid2_acc_host_gene::Disease:Gene	Gene::10193
Disease::SARS-CoV2 nsp2	bioarx::Covid2_acc_host_gene::Disease:Gene	Gene::11001
Disease::SARS-CoV2 nsp2	bioarx::Covid2_acc_host_gene::Disease:Gene	Gene::9470
Disease::SARS-CoV2 nsp2	bioarx::Covid2_acc_host_gene::Disease:Gene	Gene::5447
Disease::SARS-CoV2 nsp2	bioarx::Covid2_acc_host_gene::Disease:Gene	Gene::5910
Disease::SARS-CoV2 nsp2	bioarx::Covid2_acc_host_gene::Disease:Gene	Gene::23325
Disease::SARS-CoV2 nsp2	bioarx::Covid2_acc_host_gene::Disease:Gene	Gene::23307
Disease::SARS-CoV2 nsp2	bioarx::Covid2_acc_host_gene::Disease:Gene	Gene::26058
Disease::SARS-CoV2 nsp4	bioarx::Covid2_acc_host_gene::Disease:Gene	Gene::3416
Disease::SARS-CoV2 nsp4	bioarx::Covid2_acc_host_gene::Disease:Gene	Gene::26519
Disease::SARS-CoV2 nsp4	bioarx::Covid2_acc_host_gene::Disease:Gene	Gene::440138
Disease::SARS-CoV2 nsp4	bioarx::Covid2_acc_host_gene::Disease:Gene	Gene::23225
Disease::SARS-CoV2 nsp4	bioarx::Covid2_acc_host_gene::Disease:Gene	Gene::90580
Disease::SARS-CoV2 nsp4	bioarx::Covid2_acc_host_gene::Disease:Gene	Gene::55735
Disease::SARS-CoV2 nsp4	bioarx::Covid2_acc_host_gene::Disease:Gene	Gene::26515
Disease::SARS-CoV2 nsp4	bioarx::Covid2_acc_host_gene::Disease:Gene	Gene::26520
Disease::SARS-CoV2 nsp5	bioarx::Covid2_acc_host_gene::Disease:Gene	Gene::3066
Disease::SARS-CoV2 nsp5_C145A	bioarx::Covid2_acc_host_gene::Disease:Gene	Gene::2876
Disease::SARS-CoV2 nsp5_C145A	bioarx::Covid2_acc_host_gene::Disease:Gene	Gene::55621
Disease::SARS-CoV2 nsp6	bioarx::Covid2_acc_host_gene::Disease:Gene	Gene::10632
Disease::SARS-CoV2 nsp6	bioarx::Covid2_acc_host_gene::Disease:Gene	Gene::537
Disease::SARS-CoV2 nsp6	bioarx::Covid2_acc_host_gene::Disease:Gene	Gene::10280
Disease::SARS-CoV2 nsp6	bioarx::Covid2_acc_host_gene::Disease:Gene	Gene::79572
Disease::SARS-CoV2 nsp7	bioarx::Covid2_acc_host_gene::Disease:Gene	Gene::8540
Disease::SARS-CoV2 nsp7	bioarx::Covid2_acc_host_gene::Disease:Gene	Gene::80777
Disease::SARS-CoV2 nsp7	bioarx::Covid2_acc_host_gene::Disease:Gene	Gene::2181
Disease::SARS-CoV2 nsp7	bioarx::Covid2_acc_host_gene::Disease:Gene	Gene::1727
Disease::SARS-CoV2 nsp7	bioarx::Covid2_acc_host_gene::Disease:Gene	Gene::5898
Disease::SARS-CoV2 nsp7	bioarx::Covid2_acc_host_gene::Disease:Gene	Gene::1312
Disease::SARS-CoV2 nsp7	bioarx::Covid2_acc_host_gene::Disease:Gene	Gene::5878
Disease::SARS-CoV2 nsp7	bioarx::Covid2_acc_host_gene::Disease:Gene	Gene::7879
Disease::SARS-CoV2 nsp7	bioarx::Covid2_acc_host_gene::Disease:Gene	Gene::4218
Disease::SARS-CoV2 nsp7	bioarx::Covid2_acc_host_gene::Disease:Gene	Gene::5862
Disease::SARS-CoV2 nsp7	bioarx::Covid2_acc_host_gene::Disease:Gene	Gene::10890
Disease::SARS-CoV2 nsp7	bioarx::Covid2_acc_host_gene::Disease:Gene	Gene::51552
Disease::SARS-CoV2 nsp7	bioarx::Covid2_acc_host_gene::Disease:Gene	Gene::387
Disease::SARS-CoV2 nsp7	bioarx::Covid2_acc_host_gene::Disease:Gene	Gene::5861
Disease::SARS-CoV2 nsp7	bioarx::Covid2_acc_host_gene::Disease:Gene	Gene::2782
Disease::SARS-CoV2 nsp7	bioarx::Covid2_acc_host_gene::Disease:Gene	Gene::2787
Disease::SARS-CoV2 nsp7	bioarx::Covid2_acc_host_gene::Disease:Gene	Gene::10960
Disease::SARS-CoV2 nsp7	bioarx::Covid2_acc_host_gene::Disease:Gene	Gene::7841
Disease::SARS-CoV2 nsp7	bioarx::Covid2_acc_host_gene::Disease:Gene	Gene::26092
Disease::SARS-CoV2 nsp7	bioarx::Covid2_acc_host_gene::Disease:Gene	Gene::64757
Disease::SARS-CoV2 nsp7	bioarx::Covid2_acc_host_gene::Disease:Gene	Gene::169714
Disease::SARS-CoV2 nsp7	bioarx::Covid2_acc_host_gene::Disease:Gene	Gene::9653
Disease::SARS-CoV2 nsp7	bioarx::Covid2_acc_host_gene::Disease:Gene	Gene::91942
Disease::SARS-CoV2 nsp7	bioarx::Covid2_acc_host_gene::Disease:Gene	Gene::51097
Disease::SARS-CoV2 nsp7	bioarx::Covid2_acc_host_gene::Disease:Gene	Gene::949
Disease::SARS-CoV2 nsp7	bioarx::Covid2_acc_host_gene::Disease:Gene	Gene::57106
Disease::SARS-CoV2 nsp7	bioarx::Covid2_acc_host_gene::Disease:Gene	Gene::79877
Disease::SARS-CoV2 nsp7	bioarx::Covid2_acc_host_gene::Disease:Gene	Gene::26355
Disease::SARS-CoV2 nsp7	bioarx::Covid2_acc_host_gene::Disease:Gene	Gene::131118
Disease::SARS-CoV2 nsp7	bioarx::Covid2_acc_host_gene::Disease:Gene	Gene::55829
Disease::SARS-CoV2 nsp7	bioarx::Covid2_acc_host_gene::Disease:Gene	Gene::80142
Disease::SARS-CoV2 nsp7	bioarx::Covid2_acc_host_gene::Disease:Gene	Gene::22931
Disease::SARS-CoV2 nsp8	bioarx::Covid2_acc_host_gene::Disease:Gene	Gene::10199
Disease::SARS-CoV2 nsp8	bioarx::Covid2_acc_host_gene::Disease:Gene	Gene::6731
Disease::SARS-CoV2 nsp8	bioarx::Covid2_acc_host_gene::Disease:Gene	Gene::11101
Disease::SARS-CoV2 nsp8	bioarx::Covid2_acc_host_gene::Disease:Gene	Gene::7468
Disease::SARS-CoV2 nsp8	bioarx::Covid2_acc_host_gene::Disease:Gene	Gene::6728
Disease::SARS-CoV2 nsp8	bioarx::Covid2_acc_host_gene::Disease:Gene	Gene::6729
Disease::SARS-CoV2 nsp8	bioarx::Covid2_acc_host_gene::Disease:Gene	Gene::64432
Disease::SARS-CoV2 nsp8	bioarx::Covid2_acc_host_gene::Disease:Gene	Gene::1662
Disease::SARS-CoV2 nsp8	bioarx::Covid2_acc_host_gene::Disease:Gene	Gene::51574
Disease::SARS-CoV2 nsp8	bioarx::Covid2_acc_host_gene::Disease:Gene	Gene::56257
Disease::SARS-CoV2 nsp8	bioarx::Covid2_acc_host_gene::Disease:Gene	Gene::25983
Disease::SARS-CoV2 nsp8	bioarx::Covid2_acc_host_gene::Disease:Gene	Gene::11340
Disease::SARS-CoV2 nsp8	bioarx::Covid2_acc_host_gene::Disease:Gene	Gene::79731
Disease::SARS-CoV2 nsp8	bioarx::Covid2_acc_host_gene::Disease:Gene	Gene::79954
Disease::SARS-CoV2 nsp8	bioarx::Covid2_acc_host_gene::Disease:Gene	Gene::79080
Disease::SARS-CoV2 nsp8	bioarx::Covid2_acc_host_gene::Disease:Gene	Gene::51091
Disease::SARS-CoV2 nsp8	bioarx::Covid2_acc_host_gene::Disease:Gene	Gene::56915
Disease::SARS-CoV2 nsp8	bioarx::Covid2_acc_host_gene::Disease:Gene	Gene::51010
Disease::SARS-CoV2 nsp8	bioarx::Covid2_acc_host_gene::Disease:Gene	Gene::26574
Disease::SARS-CoV2 nsp8	bioarx::Covid2_acc_host_gene::Disease:Gene	Gene::25831
Disease::SARS-CoV2 nsp8	bioarx::Covid2_acc_host_gene::Disease:Gene	Gene::51116
Disease::SARS-CoV2 nsp8	bioarx::Covid2_acc_host_gene::Disease:Gene	Gene::64969
Disease::SARS-CoV2 nsp8	bioarx::Covid2_acc_host_gene::Disease:Gene	Gene::23404
Disease::SARS-CoV2 nsp8	bioarx::Covid2_acc_host_gene::Disease:Gene	Gene::23107
Disease::SARS-CoV2 nsp9	bioarx::Covid2_acc_host_gene::Disease:Gene	Gene::2963
Disease::SARS-CoV2 nsp9	bioarx::Covid2_acc_host_gene::Disease:Gene	Gene::2200
Disease::SARS-CoV2 nsp9	bioarx::Covid2_acc_host_gene::Disease:Gene	Gene::2201
Disease::SARS-CoV2 nsp9	bioarx::Covid2_acc_host_gene::Disease:Gene	Gene::8021
Disease::SARS-CoV2 nsp9	bioarx::Covid2_acc_host_gene::Disease:Gene	Gene::23636
Disease::SARS-CoV2 nsp9	bioarx::Covid2_acc_host_gene::Disease:Gene	Gene::10238
Disease::SARS-CoV2 nsp9	bioarx::Covid2_acc_host_gene::Disease:Gene	Gene::7458
Disease::SARS-CoV2 nsp9	bioarx::Covid2_acc_host_gene::Disease:Gene	Gene::53371
Disease::SARS-CoV2 nsp9	bioarx::Covid2_acc_host_gene::Disease:Gene	Gene::57534
Disease::SARS-CoV2 nsp9	bioarx::Covid2_acc_host_gene::Disease:Gene	Gene::23111
Disease::SARS-CoV2 nsp9	bioarx::Covid2_acc_host_gene::Disease:Gene	Gene::91754
Disease::SARS-CoV2 nsp9	bioarx::Covid2_acc_host_gene::Disease:Gene	Gene::84858
Disease::SARS-CoV2 nsp9	bioarx::Covid2_acc_host_gene::Disease:Gene	Gene::4927
Disease::SARS-CoV2 nsp9	bioarx::Covid2_acc_host_gene::Disease:Gene	Gene::9818
Disease::SARS-CoV2 nsp9	bioarx::Covid2_acc_host_gene::Disease:Gene	Gene::27430
Disease::SARS-CoV2 nsp9	bioarx::Covid2_acc_host_gene::Disease:Gene	Gene::10516
Disease::SARS-CoV2 orf10	bioarx::Covid2_acc_host_gene::Disease:Gene	Gene::5538
Disease::SARS-CoV2 orf10	bioarx::Covid2_acc_host_gene::Disease:Gene	Gene::8453
Disease::SARS-CoV2 orf10	bioarx::Covid2_acc_host_gene::Disease:Gene	Gene::55700
Disease::SARS-CoV2 orf10	bioarx::Covid2_acc_host_gene::Disease:Gene	Gene::79178
Disease::SARS-CoV2 orf10	bioarx::Covid2_acc_host_gene::Disease:Gene	Gene::79699
Disease::SARS-CoV2 orf10	bioarx::Covid2_acc_host_gene::Disease:Gene	Gene::26521
Disease::SARS-CoV2 orf10	bioarx::Covid2_acc_host_gene::Disease:Gene	Gene::9978
Disease::SARS-CoV2 orf10	bioarx::Covid2_acc_host_gene::Disease:Gene	Gene::6921
Disease::SARS-CoV2 orf10	bioarx::Covid2_acc_host_gene::Disease:Gene	Gene::6923
Disease::SARS-CoV2 orf3a	bioarx::Covid2_acc_host_gene::Disease:Gene	Gene::3162
Disease::SARS-CoV2 orf3a	bioarx::Covid2_acc_host_gene::Disease:Gene	Gene::286827
Disease::SARS-CoV2 orf3a	bioarx::Covid2_acc_host_gene::Disease:Gene	Gene::151188
Disease::SARS-CoV2 orf3a	bioarx::Covid2_acc_host_gene::Disease:Gene	Gene::23339
Disease::SARS-CoV2 orf3a	bioarx::Covid2_acc_host_gene::Disease:Gene	Gene::23155
Disease::SARS-CoV2 orf3a	bioarx::Covid2_acc_host_gene::Disease:Gene	Gene::55823
Disease::SARS-CoV2 orf3a	bioarx::Covid2_acc_host_gene::Disease:Gene	Gene::25777
Disease::SARS-CoV2 orf3a	bioarx::Covid2_acc_host_gene::Disease:Gene	Gene::29880
Disease::SARS-CoV2 orf3b	bioarx::Covid2_acc_host_gene::Disease:Gene	Gene::30968
Disease::SARS-CoV2 orf6	bioarx::Covid2_acc_host_gene::Disease:Gene	Gene::4928
Disease::SARS-CoV2 orf6	bioarx::Covid2_acc_host_gene::Disease:Gene	Gene::8480
Disease::SARS-CoV2 orf6	bioarx::Covid2_acc_host_gene::Disease:Gene	Gene::23787
Disease::SARS-CoV2 orf7a	bioarx::Covid2_acc_host_gene::Disease:Gene	Gene::55027
Disease::SARS-CoV2 orf7a	bioarx::Covid2_acc_host_gene::Disease:Gene	Gene::23195
Disease::SARS-CoV2 orf8	bioarx::Covid2_acc_host_gene::Disease:Gene	Gene::5352
Disease::SARS-CoV2 orf8	bioarx::Covid2_acc_host_gene::Disease:Gene	Gene::1861
Disease::SARS-CoV2 orf8	bioarx::Covid2_acc_host_gene::Disease:Gene	Gene::8614
Disease::SARS-CoV2 orf8	bioarx::Covid2_acc_host_gene::Disease:Gene	Gene::5327
Disease::SARS-CoV2 orf8	bioarx::Covid2_acc_host_gene::Disease:Gene	Gene::3688
Disease::SARS-CoV2 orf8	bioarx::Covid2_acc_host_gene::Disease:Gene	Gene::284106
Disease::SARS-CoV2 orf8	bioarx::Covid2_acc_host_gene::Disease:Gene	Gene::1291
Disease::SARS-CoV2 orf8	bioarx::Covid2_acc_host_gene::Disease:Gene	Gene::5817
Disease::SARS-CoV2 orf8	bioarx::Covid2_acc_host_gene::Disease:Gene	Gene::1786
Disease::SARS-CoV2 orf8	bioarx::Covid2_acc_host_gene::Disease:Gene	Gene::4015
Disease::SARS-CoV2 orf8	bioarx::Covid2_acc_host_gene::Disease:Gene	Gene::5046
Disease::SARS-CoV2 orf8	bioarx::Covid2_acc_host_gene::Disease:Gene	Gene::83729
Disease::SARS-CoV2 orf8	bioarx::Covid2_acc_host_gene::Disease:Gene	Gene::10577
Disease::SARS-CoV2 orf8	bioarx::Covid2_acc_host_gene::Disease:Gene	Gene::4240
Disease::SARS-CoV2 orf8	bioarx::Covid2_acc_host_gene::Disease:Gene	Gene::10956
Disease::SARS-CoV2 orf8	bioarx::Covid2_acc_host_gene::Disease:Gene	Gene::4884
Disease::SARS-CoV2 orf8	bioarx::Covid2_acc_host_gene::Disease:Gene	Gene::79070
Disease::SARS-CoV2 orf8	bioarx::Covid2_acc_host_gene::Disease:Gene	Gene::143888
Disease::SARS-CoV2 orf8	bioarx::Covid2_acc_host_gene::Disease:Gene	Gene::56605
Disease::SARS-CoV2 orf8	bioarx::Covid2_acc_host_gene::Disease:Gene	Gene::23646
Disease::SARS-CoV2 orf8	bioarx::Covid2_acc_host_gene::Disease:Gene	Gene::80020
Disease::SARS-CoV2 orf8	bioarx::Covid2_acc_host_gene::Disease:Gene	Gene::79586
Disease::SARS-CoV2 orf8	bioarx::Covid2_acc_host_gene::Disease:Gene	Gene::126789
Disease::SARS-CoV2 orf8	bioarx::Covid2_acc_host_gene::Disease:Gene	Gene::23065
Disease::SARS-CoV2 orf8	bioarx::Covid2_acc_host_gene::Disease:Gene	Gene::8836
Disease::SARS-CoV2 orf8	bioarx::Covid2_acc_host_gene::Disease:Gene	Gene::27248
Disease::SARS-CoV2 orf8	bioarx::Covid2_acc_host_gene::Disease:Gene	Gene::23765
Disease::SARS-CoV2 orf8	bioarx::Covid2_acc_host_gene::Disease:Gene	Gene::55768
Disease::SARS-CoV2 orf8	bioarx::Covid2_acc_host_gene::Disease:Gene	Gene::90161
Disease::SARS-CoV2 orf8	bioarx::Covid2_acc_host_gene::Disease:Gene	Gene::6388
Disease::SARS-CoV2 orf8	bioarx::Covid2_acc_host_gene::Disease:Gene	Gene::4758
Disease::SARS-CoV2 orf8	bioarx::Covid2_acc_host_gene::Disease:Gene	Gene::9518
Disease::SARS-CoV2 orf8	bioarx::Covid2_acc_host_gene::Disease:Gene	Gene::80213
Disease::SARS-CoV2 orf8	bioarx::Covid2_acc_host_gene::Disease:Gene	Gene::23071
Disease::SARS-CoV2 orf8	bioarx::Covid2_acc_host_gene::Disease:Gene	Gene::80267
Disease::SARS-CoV2 orf8	bioarx::Covid2_acc_host_gene::Disease:Gene	Gene::64374
Disease::SARS-CoV2 orf8	bioarx::Covid2_acc_host_gene::Disease:Gene	Gene::23509
Disease::SARS-CoV2 orf8	bioarx::Covid2_acc_host_gene::Disease:Gene	Gene::64093
Disease::SARS-CoV2 orf8	bioarx::Covid2_acc_host_gene::Disease:Gene	Gene::79666
Disease::SARS-CoV2 orf8	bioarx::Covid2_acc_host_gene::Disease:Gene	Gene::54850
Disease::SARS-CoV2 orf8	bioarx::Covid2_acc_host_gene::Disease:Gene	Gene::55757
Disease::SARS-CoV2 orf8	bioarx::Covid2_acc_host_gene::Disease:Gene	Gene::54480
Disease::SARS-CoV2 orf8	bioarx::Covid2_acc_host_gene::Disease:Gene	Gene::9510
Disease::SARS-CoV2 orf8	bioarx::Covid2_acc_host_gene::Disease:Gene	Gene::10525
Disease::SARS-CoV2 orf8	bioarx::Covid2_acc_host_gene::Disease:Gene	Gene::51661
Disease::SARS-CoV2 orf8	bioarx::Covid2_acc_host_gene::Disease:Gene	Gene::8754
Disease::SARS-CoV2 orf8	bioarx::Covid2_acc_host_gene::Disease:Gene	Gene::60681
Disease::SARS-CoV2 orf9b	bioarx::Covid2_acc_host_gene::Disease:Gene	Gene::9368
Disease::SARS-CoV2 orf9b	bioarx::Covid2_acc_host_gene::Disease:Gene	Gene::27243
Disease::SARS-CoV2 orf9b	bioarx::Covid2_acc_host_gene::Disease:Gene	Gene::7812
Disease::SARS-CoV2 orf9b	bioarx::Covid2_acc_host_gene::Disease:Gene	Gene::9868
Disease::SARS-CoV2 orf9b	bioarx::Covid2_acc_host_gene::Disease:Gene	Gene::4140
Disease::SARS-CoV2 orf9b	bioarx::Covid2_acc_host_gene::Disease:Gene	Gene::2011
Disease::SARS-CoV2 orf9b	bioarx::Covid2_acc_host_gene::Disease:Gene	Gene::51611
Disease::SARS-CoV2 orf9b	bioarx::Covid2_acc_host_gene::Disease:Gene	Gene::79077
Disease::SARS-CoV2 orf9b	bioarx::Covid2_acc_host_gene::Disease:Gene	Gene::4139
Disease::SARS-CoV2 orf9b	bioarx::Covid2_acc_host_gene::Disease:Gene	Gene::58155
Disease::SARS-CoV2 orf9b	bioarx::Covid2_acc_host_gene::Disease:Gene	Gene::9529
Disease::SARS-CoV2 orf9c	bioarx::Covid2_acc_host_gene::Disease:Gene	Gene::7993
Disease::SARS-CoV2 orf9c	bioarx::Covid2_acc_host_gene::Disease:Gene	Gene::8733
Disease::SARS-CoV2 orf9c	bioarx::Covid2_acc_host_gene::Disease:Gene	Gene::7466
Disease::SARS-CoV2 orf9c	bioarx::Covid2_acc_host_gene::Disease:Gene	Gene::4363
Disease::SARS-CoV2 orf9c	bioarx::Covid2_acc_host_gene::Disease:Gene	Gene::2150
Disease::SARS-CoV2 orf9c	bioarx::Covid2_acc_host_gene::Disease:Gene	Gene::22937
Disease::SARS-CoV2 orf9c	bioarx::Covid2_acc_host_gene::Disease:Gene	Gene::23333
Disease::SARS-CoV2 orf9c	bioarx::Covid2_acc_host_gene::Disease:Gene	Gene::27346
Disease::SARS-CoV2 orf9c	bioarx::Covid2_acc_host_gene::Disease:Gene	Gene::55676
Disease::SARS-CoV2 orf9c	bioarx::Covid2_acc_host_gene::Disease:Gene	Gene::202018
Disease::SARS-CoV2 orf9c	bioarx::Covid2_acc_host_gene::Disease:Gene	Gene::79956
Disease::SARS-CoV2 orf9c	bioarx::Covid2_acc_host_gene::Disease:Gene	Gene::79671
Disease::SARS-CoV2 orf9c	bioarx::Covid2_acc_host_gene::Disease:Gene	Gene::162427
Disease::SARS-CoV2 orf9c	bioarx::Covid2_acc_host_gene::Disease:Gene	Gene::84720
Disease::SARS-CoV2 orf9c	bioarx::Covid2_acc_host_gene::Disease:Gene	Gene::55711
Disease::SARS-CoV2 orf9c	bioarx::Covid2_acc_host_gene::Disease:Gene	Gene::51295
Disease::SARS-CoV2 orf9c	bioarx::Covid2_acc_host_gene::Disease:Gene	Gene::79053
Disease::SARS-CoV2 orf9c	bioarx::Covid2_acc_host_gene::Disease:Gene	Gene::55116
Disease::SARS-CoV2 orf9c	bioarx::Covid2_acc_host_gene::Disease:Gene	Gene::27069
Disease::SARS-CoV2 orf9c	bioarx::Covid2_acc_host_gene::Disease:Gene	Gene::28976
Disease::SARS-CoV2 orf9c	bioarx::Covid2_acc_host_gene::Disease:Gene	Gene::54602
Disease::SARS-CoV2 orf9c	bioarx::Covid2_acc_host_gene::Disease:Gene	Gene::617
Disease::SARS-CoV2 orf9c	bioarx::Covid2_acc_host_gene::Disease:Gene	Gene::51103
Disease::SARS-CoV2 orf9c	bioarx::Covid2_acc_host_gene::Disease:Gene	Gene::50999
Disease::SARS-CoV2 orf9c	bioarx::Covid2_acc_host_gene::Disease:Gene	Gene::4715
Disease::SARS-CoV2 orf9c	bioarx::Covid2_acc_host_gene::Disease:Gene	Gene::94005
